top_1_accuracy,top_5_accuracy,precision,recall,f1_macro,f1_weighted
0.987852395140958,0.9995415998166399,0.9869703333072158,0.9834568043505703,0.9847689068356801,0.9877424025570336
